actual_mean,pred_mean,pred_q25,pred_q75,n
-13.288585,-10.885291,-13.204783,-8.893321,8138
-10.874607,-8.966747,-10.70264,-8.168435,8137
-8.766697,-7.37127,-9.281195,-6.759752,8138
-6.827609,-5.359062,-7.671161,-4.125225,8137
-3.667354,-2.687125,-6.11127,-0.380597,8138
0.212,0.72,-3.4,3.6,8137
4.98,5.12,1.0,8.8,8138
9.46,10.18,6.1,14.2,8137
16.42,14.32,10.1,20.6,8138
29.3,22.7,17.5,27.8,8137
