group,importance,share_pct
Spatial demand,272368200.0,88.723029
Geometry,19129550.0,6.231388
Landmark,8680305.0,2.82758
Temporal,6808979.0,2.218002
